<?xml version="1.0" encoding="utf-8"?>
<doc>
<assembly><name>OwinSample.Host</name></assembly>
<members>
<member name="">

</member>
<member name="T:HttpResponseHelpers">

</member>
<member name="">

</member>
<member name="">

</member>
<member name="">

</member>
<member name="">

</member>
<member name="T:Program">

</member>
<member name="">

</member>
<member name="">

</member>
<member name="">

</member>
<member name="">

</member>
<member name="T:Startup">

</member>
</members>
</doc>
